"text","favorited","favoriteCount","replyToSN","created","truncated","replyToSID","id","replyToUID","statusSource","screenName","retweetCount","isRetweet","retweeted","longitude","latitude"
"Package funModeling: data cleaning, importance variable analysis and model perfomance https://t.co/AozWtIHiYV #Rstats",FALSE,1,NA,2016-02-23 10:41:38,FALSE,NA,"702080872049147904",NA,"<a href=""http://twitter.com"" rel=""nofollow"">Twitter Web Client</a>","kamromero",0,FALSE,FALSE,NA,NA
"Submit an abstract for #EARL2016 #rstats conference? Check out last years agenda https://t.co/JJ3RVx3eFO #analytics https://t.co/gNKzOPXRUc",FALSE,0,NA,2016-02-23 10:41:01,FALSE,NA,"702080715974844416",NA,"<a href=""http://sproutsocial.com"" rel=""nofollow"">Sprout Social</a>","earlconf",0,FALSE,FALSE,NA,NA
"Advanced #rstats programming course (https://t.co/YZqOtSt3ND)",FALSE,0,NA,2016-02-23 10:40:20,FALSE,NA,"702080542636949504",NA,"<a href=""http://twitter.com"" rel=""nofollow"">Twitter Web Client</a>","csgillespie",0,FALSE,FALSE,NA,NA
"Do you have a talk waiting to be heard? Call for Abstracts! #EARL2016 R Conference #rstats https://t.co/lvS7qgNZhH https://t.co/2QrwDwpuwf",FALSE,0,NA,2016-02-23 10:37:01,FALSE,NA,"702079711254450176",NA,"<a href=""http://sproutsocial.com"" rel=""nofollow"">Sprout Social</a>","MangoTheCat",0,FALSE,FALSE,NA,NA
"Integrating Python and R into a Data Analysis Pipeline  Part 1 https://t.co/bkJD9OgiTC #python #rstats #R #blog https://t.co/d6itpMYz9m",FALSE,1,NA,2016-02-23 10:37:00,FALSE,NA,"702079707295064064",NA,"<a href=""http://sproutsocial.com"" rel=""nofollow"">Sprout Social</a>","MangoTheCat",0,FALSE,FALSE,NA,NA
"Hive plots coming to #ggraph - stay tuned. #ggplot2 #rstats #dataviz @MKrzywinski https://t.co/o8fH1ycaBr",FALSE,1,NA,2016-02-23 10:28:26,FALSE,NA,"702077548277186560",NA,"<a href=""http://twitter.com"" rel=""nofollow"">Twitter Web Client</a>","thomasp85",0,FALSE,FALSE,NA,NA
"magrittr: The best thing to have ever happened to R? https://t.co/GpotFzoyCv #rstats #R",FALSE,0,NA,2016-02-23 10:28:00,FALSE,NA,"702077441095827456",NA,"<a href=""http://sproutsocial.com"" rel=""nofollow"">Sprout Social</a>","MangoTheCat",0,FALSE,FALSE,NA,NA
"RT @dataiku: 600 websites about R: https://t.co/qGfZPwfn49 #Rstats #DataScience #Statistics #MachineLearning | RT @KirkDBorne https://t.co/…",FALSE,0,NA,2016-02-23 10:24:40,FALSE,NA,"702076601710858240",NA,"<a href=""http://twitter.com/download/android"" rel=""nofollow"">Twitter for Android</a>","PhilChiberre",2,TRUE,FALSE,NA,NA
"RT @plotlygraphs: Tutorial on using #jupyter notebook with the R kernel:

https://t.co/FMsqFWx0td

#rstats #jupyterday https://t.co/MMg9cIs…",FALSE,0,NA,2016-02-23 10:18:40,FALSE,NA,"702075090972844032",NA,"<a href=""http://twitter.com/download/iphone"" rel=""nofollow"">Twitter for iPhone</a>","reshamas",10,TRUE,FALSE,NA,NA
"RT @plotlygraphs: Check out the plotly build of the official ggplot2 docs:
https://t.co/HBaUOeH6FB
#ggplot2 #rstats https://t.co/aEtHh57c30",FALSE,0,NA,2016-02-23 10:18:39,FALSE,NA,"702075085780168705",NA,"<a href=""http://twitter.com/download/iphone"" rel=""nofollow"">Twitter for iPhone</a>","sinhrks",4,TRUE,FALSE,NA,NA
"RT @c_iantosca: „Course GIVEAWAY - R Programming for Data Science!!“ von @BigDataGal auf @LinkedIn https://t.co/hS1j8PI9wn #Rstats",FALSE,0,NA,2016-02-23 10:16:42,FALSE,NA,"702074598595162112",NA,"<a href=""http://twitter.com"" rel=""nofollow"">Twitter Web Client</a>","valuencedata",1,TRUE,FALSE,NA,NA
"CRAN updates: bdots boot causaleffect permPATH rmumps https://t.co/y5W2NTKSXT #rstats",FALSE,0,NA,2016-02-23 10:13:51,FALSE,NA,"702073880953929729",NA,"<a href=""http://dirk.eddelbuettel.com/cranberries"" rel=""nofollow"">CRANberries Feed</a>","CRANberriesFeed",0,FALSE,FALSE,NA,NA
"„Course GIVEAWAY - R Programming for Data Science!!“ von @BigDataGal auf @LinkedIn https://t.co/hS1j8PI9wn #Rstats",FALSE,0,NA,2016-02-23 10:12:57,FALSE,NA,"702073653991776256",NA,"<a href=""http://twitter.com"" rel=""nofollow"">Twitter Web Client</a>","c_iantosca",1,FALSE,FALSE,NA,NA
"RT @c_iantosca: „R Programming for Data Science - What's it all about?“ via @BigDataGal on @LinkedIn https://t.co/YDuhCENreR #RStats #DataS…",FALSE,0,NA,2016-02-23 10:12:21,FALSE,NA,"702073501277097984",NA,"<a href=""https://roundteam.co"" rel=""nofollow"">RoundTeam</a>","DataAnalyticss",3,TRUE,FALSE,NA,NA
"RT @c_iantosca: „R Programming for Data Science - What's it all about?“ via @BigDataGal on @LinkedIn https://t.co/YDuhCENreR #RStats #DataS…",FALSE,0,NA,2016-02-23 10:11:05,FALSE,NA,"702073185487998976",NA,"<a href=""https://roundteam.co"" rel=""nofollow"">RoundTeam</a>","homeAIinfo",3,TRUE,FALSE,NA,NA
"Experience the Tower of London at our R conference reception! Get earlybird tickets https://t.co/iftCaIPbRS #rstats https://t.co/sLL2SaV2E8",FALSE,0,NA,2016-02-23 10:11:01,FALSE,NA,"702073167729156096",NA,"<a href=""http://sproutsocial.com"" rel=""nofollow"">Sprout Social</a>","earlconf",0,FALSE,FALSE,NA,NA
"„R Programming for Data Science - What's it all about?“ via @BigDataGal on @LinkedIn https://t.co/YDuhCENreR #RStats #DataScience",FALSE,1,NA,2016-02-23 10:09:43,FALSE,NA,"702072840766492672",NA,"<a href=""http://twitter.com"" rel=""nofollow"">Twitter Web Client</a>","c_iantosca",3,FALSE,FALSE,NA,NA
"„5 Easy Steps to Using #RStats &amp; #Google #Analytics to Optimize your #Marketing #ROI“ von @BigDataGal on @LinkedIn https://t.co/PsUFVt5sWe",FALSE,1,NA,2016-02-23 10:09:07,FALSE,NA,"702072690136502272",NA,"<a href=""http://twitter.com"" rel=""nofollow"">Twitter Web Client</a>","c_iantosca",0,FALSE,FALSE,NA,NA
"Best line of code I'll use today. Finding the length of a vector without NAs : sum(!is.na(x)). So useful and yet never remember it. #Rstats",FALSE,0,NA,2016-02-23 09:56:42,FALSE,NA,"702069563027038208",NA,"<a href=""http://twitter.com"" rel=""nofollow"">Twitter Web Client</a>","padpadpadpad",0,FALSE,FALSE,NA,NA
"RT @Hoog10HK: #GGPLOT2 prezzo updated! https://t.co/v7asERh5ha
@hrbrmstr ggalt has vertical. #rstats @timelyportfolio @bhaskar_vk https://t…",FALSE,0,NA,2016-02-23 09:52:50,FALSE,NA,"702068589369536512",NA,"<a href=""http://twitter.com"" rel=""nofollow"">Twitter Web Client</a>","thanhtungmilan",6,TRUE,FALSE,NA,NA
"Developing Web Aps with Shiny Training Course https://t.co/A1tBg0qyJv 8th March #rstats #R #Shiny https://t.co/31vyaybGsd",FALSE,0,NA,2016-02-23 09:50:01,FALSE,NA,"702067883468156929",NA,"<a href=""http://sproutsocial.com"" rel=""nofollow"">Sprout Social</a>","MangoTheCat",0,FALSE,FALSE,NA,NA
"RT @MatthBogaert: @dirkvandenpoel  is teaching his favorite topic in the class of predictive analytics #ensembles #rstats #analytics https:…",FALSE,0,NA,2016-02-23 09:43:04,FALSE,NA,"702066133189455872",NA,"<a href=""http://twitter.com/download/iphone"" rel=""nofollow"">Twitter for iPhone</a>","UGentDA",2,TRUE,FALSE,NA,NA
"RT @MatthBogaert: @dirkvandenpoel  is teaching his favorite topic in the class of predictive analytics #ensembles #rstats #analytics https:…",FALSE,0,NA,2016-02-23 09:42:08,FALSE,NA,"702065897666699264",NA,"<a href=""http://twitter.com/download/iphone"" rel=""nofollow"">Twitter for iPhone</a>","dirkvandenpoel",2,TRUE,FALSE,NA,NA
"I _think_ I might have finally figured out how to properly handle people and roles on @theincomparable https://t.co/9W6amyBKZl
<ed><U+00A0><U+00BD><ed><U+00B8><U+00AA><ed><U+00A0><U+00BD><ed><U+00B8><U+008C> #rstats",FALSE,0,NA,2016-02-23 09:40:54,FALSE,NA,"702065587074240512",NA,"<a href=""http://tapbots.com/software/tweetbot/mac"" rel=""nofollow"">Tweetbot for Mac</a>","Jemus42",0,FALSE,FALSE,NA,NA
"Business Intelligence and #Data Science Groups in East Tennessee | @rbloggers https://t.co/MOAW5LaK5s #rstats group &amp; #BI",FALSE,0,NA,2016-02-23 09:40:16,FALSE,NA,"702065427623649280",NA,"<a href=""http://www.scoop.it"" rel=""nofollow"">Scoop.it</a>","AymericBds",0,FALSE,FALSE,NA,NA
"RT @Sheffield_R_: Tonight we kick-off our #rstats data hack of the @NBNTrust data for Sheffield - coding starts later - tonight's about ide…",FALSE,0,NA,2016-02-23 09:38:52,FALSE,NA,"702065076744933376",NA,"<a href=""http://twitter.com/download/android"" rel=""nofollow"">Twitter for Android</a>","NBNTrust",5,TRUE,FALSE,NA,NA
"RT @TeppoTammisto: New era in #CloudComputing? Meet us at #GCPNEXT!

#machinelearning, #simulation, #RStats, #MATLAB, #Python https://t.co/…",FALSE,0,NA,2016-02-23 09:35:39,FALSE,NA,"702064264811409408",NA,"<a href=""http://www.rabianuray.net"" rel=""nofollow"">Data Science Wire</a>","sentiwire",1,TRUE,FALSE,NA,NA
"New era in #CloudComputing? Meet us at #GCPNEXT!

#machinelearning, #simulation, #RStats, #MATLAB, #Python https://t.co/mJNkbUqwXT",FALSE,3,NA,2016-02-23 09:35:37,FALSE,NA,"702064258494963712",NA,"<a href=""http://twitter.com"" rel=""nofollow"">Twitter Web Client</a>","TeppoTammisto",1,FALSE,FALSE,NA,NA
"R User up North? ManchesterR date announced: Mon 29th Feb at https://t.co/w0N9vlIpX5 #rstats #R #analytics https://t.co/j5e8RcQ83I",FALSE,0,NA,2016-02-23 09:32:01,FALSE,NA,"702063351090663424",NA,"<a href=""http://sproutsocial.com"" rel=""nofollow"">Sprout Social</a>","MangoTheCat",0,FALSE,FALSE,NA,NA
"RT @Sheffield_R_: Tonight we kick-off our #rstats data hack of the @NBNTrust data for Sheffield - coding starts later - tonight's about ide…",FALSE,0,NA,2016-02-23 09:25:30,FALSE,NA,"702061712510472192",NA,"<a href=""http://tapbots.com/tweetbot"" rel=""nofollow"">Tweetbot for i<U+039F>S</a>","andnewmanGEO",5,TRUE,FALSE,NA,NA
"RT @MangoTheCat: Good luck NottinghamR user group with your 1st meetup tonight https://t.co/Cfxg9CYSMb and to @sellorm !  #rstats https://t…",FALSE,0,NA,2016-02-23 09:23:18,FALSE,NA,"702061158015041536",NA,"<a href=""http://twitter.com"" rel=""nofollow"">Twitter Web Client</a>","earlconf",1,TRUE,FALSE,NA,NA
"RT @KirkDBorne: Useful packages (libraries) for Data Analysis in R: https://t.co/haRKopFyly #DataScience #Rstats by @analyticsvidhya https:…",FALSE,0,NA,2016-02-23 09:22:48,FALSE,NA,"702061034442465280",NA,"<a href=""http://twitter.com/download/android"" rel=""nofollow"">Twitter for Android</a>","rjacorreia",97,TRUE,FALSE,NA,NA
"Exciting news! R Conf reception for #EARL2016 to be held at Tower of London! #rstats https://t.co/ntFANNs83j https://t.co/DuuKJcXuVH",FALSE,0,NA,2016-02-23 09:22:01,FALSE,NA,"702060833925279744",NA,"<a href=""http://sproutsocial.com"" rel=""nofollow"">Sprout Social</a>","MangoTheCat",0,FALSE,FALSE,NA,NA
"RT @Sheffield_R_: Tonight we kick-off our #rstats data hack of the @NBNTrust data for Sheffield - coding starts later - tonight's about ide…",FALSE,0,NA,2016-02-23 09:21:22,FALSE,NA,"702060670804692992",NA,"<a href=""http://twitter.com"" rel=""nofollow"">Twitter Web Client</a>","soayipm",5,TRUE,FALSE,NA,NA
"Good luck NottinghamR user group with your 1st meetup tonight https://t.co/Cfxg9CYSMb and to @sellorm !  #rstats https://t.co/4cjYRoFcvo",FALSE,1,NA,2016-02-23 09:18:52,FALSE,NA,"702060043055796224",NA,"<a href=""http://twitter.com"" rel=""nofollow"">Twitter Web Client</a>","MangoTheCat",1,FALSE,FALSE,NA,NA
"RT @Rbloggers: tweets of ggtree https://t.co/MbNuU36hrK #rstats #DataScience",FALSE,0,NA,2016-02-23 09:00:10,FALSE,NA,"702055338426544129",NA,"<a href=""http://twitter.com"" rel=""nofollow"">Twitter Web Client</a>","guangchuangyu",1,TRUE,FALSE,NA,NA
"A bug fix release of readstata13 is now available on #rstats #CRAN. Fixes some issues with dates and infinite values in #stata",FALSE,1,NA,2016-02-23 08:57:04,FALSE,NA,"702054557153673216",NA,"<a href=""http://twitter.com"" rel=""nofollow"">Twitter Web Client</a>","sjewor",0,FALSE,FALSE,NA,NA
"RT @Sheffield_R_: Tonight we kick-off our #rstats data hack of the @NBNTrust data for Sheffield - coding starts later - tonight's about ide…",FALSE,0,NA,2016-02-23 08:56:08,FALSE,NA,"702054319844171776",NA,"<a href=""http://www.hootsuite.com"" rel=""nofollow"">Hootsuite</a>","SHFDigital",5,TRUE,FALSE,NA,NA
"@dirkvandenpoel  is teaching his favorite topic in the class of predictive analytics #ensembles #rstats #analytics https://t.co/MtfmBfqjtA",FALSE,7,"dirkvandenpoel",2016-02-23 08:46:09,FALSE,NA,"702051808978587648","60014176","<a href=""http://twitter.com/download/android"" rel=""nofollow"">Twitter for Android</a>","MatthBogaert",2,FALSE,FALSE,NA,NA
"RT @jacob_c_fisher: Fun @rstudio trick -- if you hold down ""Alt"" and click up or down in the text editor, it moves the line of code #rstats",FALSE,0,NA,2016-02-23 08:42:49,FALSE,NA,"702050970331643904",NA,"<a href=""http://twitter.com"" rel=""nofollow"">Twitter Web Client</a>","symbolic_goods",12,TRUE,FALSE,NA,NA
"tweets of ggtree https://t.co/drgdoUpSAQ #rstats",FALSE,0,NA,2016-02-23 08:38:26,FALSE,NA,"702049866545889280",NA,"<a href=""http://www.exegetic.biz"" rel=""nofollow"">RSS/Atom Feed Tweeter</a>","DataWookie",0,FALSE,FALSE,NA,NA
"RT @plotlygraphs: Tutorial on using #jupyter notebook with the R kernel:

https://t.co/FMsqFWx0td

#rstats #jupyterday https://t.co/MMg9cIs…",FALSE,0,NA,2016-02-23 08:18:15,FALSE,NA,"702044787877220352",NA,"<a href=""http://twitter.com/download/android"" rel=""nofollow"">Twitter for Android</a>","rakeshpala",10,TRUE,FALSE,NA,NA
"RT @plotlygraphs: Tutorial on using #jupyter notebook with the R kernel:

https://t.co/FMsqFWx0td

#rstats #jupyterday https://t.co/MMg9cIs…",FALSE,0,NA,2016-02-23 08:14:46,FALSE,NA,"702043909476761600",NA,"<a href=""http://twitter.com/download/iphone"" rel=""nofollow"">Twitter for iPhone</a>","Altons",10,TRUE,FALSE,NA,NA
"CRAN updates: BayesTree glmnet gmeta gstat modules ndtv permGPU vcrpart vegdata WARN https://t.co/y5W2NTKSXT #rstats",FALSE,0,NA,2016-02-23 08:14:07,FALSE,NA,"702043747215929344",NA,"<a href=""http://dirk.eddelbuettel.com/cranberries"" rel=""nofollow"">CRANberries Feed</a>","CRANberriesFeed",0,FALSE,FALSE,NA,NA
"New CRAN package httpcache with initial version 0.1.2 https://t.co/0QdYpl5sce #rstats",FALSE,0,NA,2016-02-23 08:13:54,FALSE,NA,"702043693491027972",NA,"<a href=""http://dirk.eddelbuettel.com/cranberries"" rel=""nofollow"">CRANberries Feed</a>","CRANberriesFeed",0,FALSE,FALSE,NA,NA
"New CRAN package DetR with initial version 0.0.4 https://t.co/0QdYpl5sce #rstats",FALSE,0,NA,2016-02-23 08:13:42,FALSE,NA,"702043644962983936",NA,"<a href=""http://dirk.eddelbuettel.com/cranberries"" rel=""nofollow"">CRANberries Feed</a>","CRANberriesFeed",0,FALSE,FALSE,NA,NA
"New CRAN package covafillr with initial version 0.2.1 https://t.co/0QdYpl5sce #rstats",FALSE,0,NA,2016-02-23 08:13:41,FALSE,NA,"702043637539086336",NA,"<a href=""http://dirk.eddelbuettel.com/cranberries"" rel=""nofollow"">CRANberries Feed</a>","CRANberriesFeed",0,FALSE,FALSE,NA,NA
"New CRAN package condvis with initial version 0.2-1 https://t.co/0QdYpl5sce #rstats",FALSE,0,NA,2016-02-23 08:13:39,FALSE,NA,"702043629066518528",NA,"<a href=""http://dirk.eddelbuettel.com/cranberries"" rel=""nofollow"">CRANberries Feed</a>","CRANberriesFeed",0,FALSE,FALSE,NA,NA
"RT @Rbloggers: Business Intelligence and Data Science Groups in East Tennessee https://t.co/n66hJtEEbv #rstats #DataScience",FALSE,0,NA,2016-02-23 08:05:16,FALSE,NA,"702041519365165056",NA,"<a href=""http://twitter.com/download/android"" rel=""nofollow"">Twitter for Android</a>","fabio_zottele",1,TRUE,FALSE,NA,NA
"RT @Sheffield_R_: Tonight we kick-off our #rstats data hack of the @NBNTrust data for Sheffield - coding starts later - tonight's about ide…",FALSE,0,NA,2016-02-23 08:02:04,FALSE,NA,"702040716155994112",NA,"<a href=""http://itunes.apple.com/us/app/twitter/id409789998?mt=12"" rel=""nofollow"">Twitter for Mac</a>","mathew_hall",5,TRUE,FALSE,NA,NA
"tweets of ggtree https://t.co/MbNuU36hrK #rstats #DataScience",FALSE,4,NA,2016-02-23 08:00:16,FALSE,NA,"702040262181163008",NA,"<a href=""http://www.r-bloggers.com"" rel=""nofollow"">r-bloggers.com</a>","Rbloggers",1,FALSE,FALSE,NA,NA
"RT @NumFOCUS: .@NumFOCUS is proud to announce @mcmc_stan as our newest fiscally sponsored project! https://t.co/2fFWoh1kZs #rstats #cpluspl…",FALSE,0,NA,2016-02-23 07:57:27,FALSE,NA,"702039551657820160",NA,"<a href=""http://twitter.com"" rel=""nofollow"">Twitter Web Client</a>","avehtari",4,TRUE,FALSE,NA,NA
"How to make a great #R #reproducible example? 
#rstats
https://t.co/tsWKG2jVbW",FALSE,0,NA,2016-02-23 07:54:30,FALSE,NA,"702038812860538880",NA,"<a href=""http://twitter.com"" rel=""nofollow"">Twitter Web Client</a>","ErmiaBivatan",0,FALSE,FALSE,NA,NA
"#Rstats nous surprendra toujours. https://t.co/8oobw980hR",FALSE,0,NA,2016-02-23 07:53:57,FALSE,NA,"702038672112283648",NA,"<a href=""http://twitter.com"" rel=""nofollow"">Twitter Web Client</a>","Abcd_R",0,FALSE,FALSE,NA,NA
"RT @Rbloggers: Advanced Analytics Software’s Most Important Feature? Gartner Says it’s VCF https://t.co/bdlRF5HQAV #rstats #DataScience",FALSE,0,NA,2016-02-23 07:51:25,FALSE,NA,"702038033701457920",NA,"<a href=""http://twitter.com/#!/download/ipad"" rel=""nofollow"">Twitter for iPad</a>","dlavbic",0,FALSE,FALSE,NA,NA
"RT @tomhouslay: @TweetingRichy I've put up code for template figs in #rstats in case you ever make the switch: https://t.co/QHHcOPkR7M",FALSE,0,NA,2016-02-23 07:45:08,FALSE,NA,"702036454495678464",NA,"<a href=""http://twitter.com/download/iphone"" rel=""nofollow"">Twitter for iPhone</a>","TweetingRichy",1,TRUE,FALSE,NA,NA
"Tonight we kick-off our #rstats data hack of the @NBNTrust data for Sheffield - coding starts later - tonight's about ideas @WildSheffield",FALSE,1,NA,2016-02-23 07:41:59,FALSE,NA,"702035663168868352",NA,"<a href=""http://twitter.com/download/iphone"" rel=""nofollow"">Twitter for iPhone</a>","Sheffield_R_",5,FALSE,FALSE,NA,NA
"@TweetingRichy I've put up code for template figs in #rstats in case you ever make the switch: https://t.co/QHHcOPkR7M",FALSE,2,"TweetingRichy",2016-02-23 07:33:43,FALSE,"702031188416921601","702033582357934080","116469798","<a href=""http://twitter.com/download/android"" rel=""nofollow"">Twitter for Android</a>","tomhouslay",1,FALSE,FALSE,NA,NA
"Can anyone help me get an advanced tutorial in #R #Functional &amp; #MetaProgramming? #rstats @RStatsJobs",FALSE,0,NA,2016-02-23 07:33:39,FALSE,NA,"702033564381138944",NA,"<a href=""http://twitter.com"" rel=""nofollow"">Twitter Web Client</a>","ErmiaBivatan",0,FALSE,FALSE,NA,NA
"RT @KirkDBorne: Useful packages (libraries) for Data Analysis in R: https://t.co/haRKopFyly #DataScience #Rstats by @analyticsvidhya https:…",FALSE,0,NA,2016-02-23 07:30:02,FALSE,NA,"702032653009211392",NA,"<a href=""http://twitter.com/download/iphone"" rel=""nofollow"">Twitter for iPhone</a>","schiesslr",97,TRUE,FALSE,NA,NA
"RT @pssGuy: #rstats @plotlygraphs shiny interactive #OECD map app
https://t.co/zkT2k6ZIWJ
@cpsievert @JennyBryan https://t.co/hmvy4aapCy",FALSE,0,NA,2016-02-23 07:29:43,FALSE,NA,"702032574965796864",NA,"<a href=""http://twitter.com/download/iphone"" rel=""nofollow"">Twitter for iPhone</a>","UrbanDemog",9,TRUE,FALSE,NA,NA
"RT @AnalyticsVidhya: Various levels of time series modeling and its related techniques in R. https://t.co/mLuupTtlja #analytics #rstats htt…",FALSE,0,NA,2016-02-23 07:28:04,FALSE,NA,"702032157938737152",NA,"<a href=""http://twitter.com/download/iphone"" rel=""nofollow"">Twitter for iPhone</a>","P_O_Bourge",2,TRUE,FALSE,NA,NA
"To sum things up: sum() is your friend. #rstats @RLangTip https://t.co/02xR8u3jZT",FALSE,0,NA,2016-02-23 07:27:01,FALSE,NA,"702031894410616836",NA,"<a href=""http://twitter.com"" rel=""nofollow"">Twitter Web Client</a>","allthenothing",0,FALSE,FALSE,NA,NA
"New Shiny App: Predict the height of your child https://t.co/NviBrNFrct #rstats https://t.co/8UuuUFDHQs",FALSE,0,NA,2016-02-23 07:25:01,FALSE,NA,"702031390842335236",NA,"<a href=""https://twitter.com/ShinyappsRecent"" rel=""nofollow"">ShinyappsRecent</a>","ShinyappsRecent",0,FALSE,FALSE,NA,NA
"RT @Persontyle: Using #rstats #machinelearning script as a #PowerBI desktop data source. https://t.co/FNMapJa7Kl https://t.co/kTO1arXk7U",FALSE,0,NA,2016-02-23 07:24:13,FALSE,NA,"702031191818559488",NA,"<a href=""http://twitter.com"" rel=""nofollow"">Twitter Web Client</a>","schooltds",5,TRUE,FALSE,NA,NA
"Job alert:  Course Instructor - Quant &amp; Finance - Rstats
Los Angeles, CA - Contract - https://t.co/IhfO9h3CzL",FALSE,1,NA,2016-02-23 07:23:26,FALSE,NA,"702030992811421696",NA,"<a href=""http://twitter.com"" rel=""nofollow"">Twitter Web Client</a>","SkilledDigital",0,FALSE,FALSE,NA,NA
"RT @hrbrmstr: . #rstats @philmassicotte looks like @hadleywickham wins yet again :-) readr::read_lines() &gt; stri_read_lines() https://t.co/o…",FALSE,0,NA,2016-02-23 07:10:46,FALSE,NA,"702027807442993152",NA,"<a href=""http://twitter.com"" rel=""nofollow"">Twitter Web Client</a>","artemklevtsov",2,TRUE,FALSE,NA,NA
"RT @plotlygraphs: Tutorial on using #jupyter notebook with the R kernel:

https://t.co/FMsqFWx0td

#rstats #jupyterday https://t.co/MMg9cIs…",FALSE,0,NA,2016-02-23 07:01:34,FALSE,NA,"702025491784404992",NA,"<a href=""https://about.twitter.com/products/tweetdeck"" rel=""nofollow"">TweetDeck</a>","znmeb",10,TRUE,FALSE,NA,NA
"RT @Persontyle: Using #rstats #machinelearning script as a #PowerBI desktop data source. https://t.co/FNMapJa7Kl https://t.co/kTO1arXk7U",FALSE,0,NA,2016-02-23 07:01:06,FALSE,NA,"702025373383581696",NA,"<a href=""https://roundteam.co"" rel=""nofollow"">RoundTeam</a>","shakamunyi",5,TRUE,FALSE,NA,NA
"RT @plotlygraphs: Tutorial on using #jupyter notebook with the R kernel:

https://t.co/FMsqFWx0td

#rstats #jupyterday https://t.co/MMg9cIs…",FALSE,0,NA,2016-02-23 06:44:41,FALSE,NA,"702021239326556160",NA,"<a href=""http://twitter.com/download/android"" rel=""nofollow"">Twitter for Android</a>","Atabey_Kaygun",10,TRUE,FALSE,NA,NA
"RT @plotlygraphs: Tutorial on using #jupyter notebook with the R kernel:

https://t.co/FMsqFWx0td

#rstats #jupyterday https://t.co/MMg9cIs…",FALSE,0,NA,2016-02-23 06:42:52,FALSE,NA,"702020783468490752",NA,"<a href=""http://twitter.com/download/android"" rel=""nofollow"">Twitter for Android</a>","fperez_org",10,TRUE,FALSE,NA,NA
"RT @Persontyle: Using #rstats #machinelearning script as a #PowerBI desktop data source. https://t.co/FNMapJa7Kl https://t.co/kTO1arXk7U",FALSE,0,NA,2016-02-23 06:33:22,FALSE,NA,"702018393566814209",NA,"<a href=""https://roundteam.co"" rel=""nofollow"">RoundTeam</a>","Flowfields_",5,TRUE,FALSE,NA,NA
"orthogonalsplinebasis - Orthogonal Bspline Basis Functions https://t.co/Pqp6ZBw3bA #RStats",FALSE,0,NA,2016-02-23 06:30:01,FALSE,NA,"702017551874834432",NA,"<a href=""https://twitter.com/DailyRpackage"" rel=""nofollow"">DailyRpackage</a>","DailyRpackage",0,FALSE,FALSE,NA,NA
"RT @yrochat: Snake, the twitterbot – an experiment in game design #Rstats https://t.co/dZJtAB4jxv",FALSE,0,NA,2016-02-23 06:15:10,FALSE,NA,"702013814875799552",NA,"<a href=""http://twitter.com/download/iphone"" rel=""nofollow"">Twitter for iPhone</a>","XavCompany",2,TRUE,FALSE,NA,NA
"RT @josephsirosh: Awesome time-varying data support in #sqlserver. Combine with #rstats for predictive analytics on temporal data. https://…",FALSE,0,NA,2016-02-23 06:05:25,FALSE,NA,"702011359957901312",NA,"<a href=""http://twitter.com/download/android"" rel=""nofollow"">Twitter for Android</a>","SayoojDas",6,TRUE,FALSE,NA,NA
"RT @Persontyle: Using #rstats #machinelearning script as a #PowerBI desktop data source. https://t.co/FNMapJa7Kl https://t.co/kTO1arXk7U",FALSE,0,NA,2016-02-23 06:04:46,FALSE,NA,"702011197860798464",NA,"<a href=""http://twitter.com"" rel=""nofollow"">Twitter Web Client</a>","AaaLee",5,TRUE,FALSE,NA,NA
"RT @Persontyle: Using #rstats #machinelearning script as a #PowerBI desktop data source. https://t.co/FNMapJa7Kl https://t.co/kTO1arXk7U",FALSE,0,NA,2016-02-23 06:03:23,FALSE,NA,"702010846717693952",NA,"<a href=""http://www.rabianuray.net"" rel=""nofollow"">Data Science Wire</a>","sentiwire",5,TRUE,FALSE,NA,NA
"Using #rstats #machinelearning script as a #PowerBI desktop data source. https://t.co/FNMapJa7Kl https://t.co/kTO1arXk7U",FALSE,4,NA,2016-02-23 06:03:22,FALSE,NA,"702010842523504640",NA,"<a href=""http://twitter.com"" rel=""nofollow"">Twitter Web Client</a>","Persontyle",5,FALSE,FALSE,NA,NA
"Thanks @JennyBryan for the foofactors template,helped me a lot with nitty gritties of package bulding. #rstats https://t.co/bFigAuXzMH",FALSE,1,NA,2016-02-23 05:56:00,FALSE,NA,"702008990113202176",NA,"<a href=""http://twitter.com"" rel=""nofollow"">Twitter Web Client</a>","souravc83",0,FALSE,FALSE,NA,NA
"RT @hspter: Please help take down this account: report -&gt; abuse -&gt; harassment -&gt; targeted harassment https://t.co/2k0Wq59erG #rstats",FALSE,0,NA,2016-02-23 05:53:33,FALSE,NA,"702008373433085952",NA,"<a href=""http://tapbots.com/tweetbot"" rel=""nofollow"">Tweetbot for i<U+039F>S</a>","msonnabaum",4,TRUE,FALSE,NA,NA
"RT @MangoTheCat: ValidR developed by us to deliver a validated version of R language  https://t.co/76AtvjQnUB #rstats https://t.co/dp31ZjPh…",FALSE,0,NA,2016-02-23 05:49:29,FALSE,NA,"702007348915630081",NA,"<a href=""http://twitter.com/download/android"" rel=""nofollow"">Twitter for Android</a>","sainathadapa",4,TRUE,FALSE,NA,NA
"RT @plotlygraphs: Tutorial on using #jupyter notebook with the R kernel:

https://t.co/FMsqFWx0td

#rstats #jupyterday https://t.co/MMg9cIs…",FALSE,0,NA,2016-02-23 05:43:20,FALSE,NA,"702005803184693249",NA,"<a href=""http://twitter.com/download/android"" rel=""nofollow"">Twitter for Android</a>","JeanGobin",10,TRUE,FALSE,NA,NA
"RT @KirkDBorne: Useful packages (libraries) for Data Analysis in R: https://t.co/haRKopFyly #DataScience #Rstats by @analyticsvidhya https:…",FALSE,0,NA,2016-02-23 05:42:16,FALSE,NA,"702005534610878464",NA,"<a href=""http://twitter.com/download/iphone"" rel=""nofollow"">Twitter for iPhone</a>","EmmanuelAnique",97,TRUE,FALSE,NA,NA
"RT @hspter: Please help take down this account: report -&gt; abuse -&gt; harassment -&gt; targeted harassment https://t.co/2k0Wq59erG #rstats",FALSE,0,NA,2016-02-23 05:39:13,FALSE,NA,"702004765753012224",NA,"<a href=""http://twitter.com/download/iphone"" rel=""nofollow"">Twitter for iPhone</a>","AvrahamAdler",4,TRUE,FALSE,NA,NA
"RT @hspter: Please help take down this account: report -&gt; abuse -&gt; harassment -&gt; targeted harassment https://t.co/2k0Wq59erG #rstats",FALSE,0,NA,2016-02-23 05:39:09,FALSE,NA,"702004748287868928",NA,"<a href=""http://twitter.com"" rel=""nofollow"">Twitter Web Client</a>","quominus",4,TRUE,FALSE,NA,NA
"RT @AnalyticsVidhya: Various levels of time series modeling and its related techniques in R. https://t.co/mLuupTtlja #analytics #rstats htt…",FALSE,0,NA,2016-02-23 05:38:04,FALSE,NA,"702004478308982784",NA,"<a href=""http://twitter.com/download/iphone"" rel=""nofollow"">Twitter for iPhone</a>","manudellavalle",2,TRUE,FALSE,NA,NA
"RT @RLangTip: sessionInfo()$otherPkgs will print the details of non base R packages attached to your session. https://t.co/0cJy25Sgtt #rsta…",FALSE,0,NA,2016-02-23 05:36:36,FALSE,NA,"702004109122150401",NA,"<a href=""http://twitter.com/download/android"" rel=""nofollow"">Twitter for Android</a>","oMarceloVentura",6,TRUE,FALSE,NA,NA
"Please help take down this account: report -&gt; abuse -&gt; harassment -&gt; targeted harassment https://t.co/2k0Wq59erG #rstats",FALSE,9,NA,2016-02-23 05:36:03,FALSE,NA,"702003968193462273",NA,"<a href=""http://twitter.com"" rel=""nofollow"">Twitter Web Client</a>","hspter",4,FALSE,FALSE,NA,NA
"@Teraa_Baapp Hey, leave @JennyBryan alone and stop spamming the #rstats timeline. I don't know what your problem is but give it a rest.",FALSE,0,"Teraa_Baapp",2016-02-23 05:30:13,FALSE,"701986236374757378","702002501067808768","3229467667","<a href=""https://about.twitter.com/products/tweetdeck"" rel=""nofollow"">TweetDeck</a>","ucfagls",0,FALSE,FALSE,NA,NA
"RT @plotlygraphs: Tutorial on using #jupyter notebook with the R kernel:

https://t.co/FMsqFWx0td

#rstats #jupyterday https://t.co/MMg9cIs…",FALSE,0,NA,2016-02-23 05:29:05,FALSE,NA,"702002214600970240",NA,"<a href=""http://twitter.com/download/android"" rel=""nofollow"">Twitter for Android</a>","thomas_sandmann",10,TRUE,FALSE,NA,NA
"RT @JennyBryan: How to report abusive behaviour on twitter: https://t.co/UtF0H5FUue #rstats",FALSE,0,NA,2016-02-23 05:13:28,FALSE,NA,"701998286601715712",NA,"<a href=""http://twitter.com/download/iphone"" rel=""nofollow"">Twitter for iPhone</a>","monkmanmh",4,TRUE,FALSE,NA,NA
"Various levels of time series modeling and its related techniques in R. https://t.co/mLuupTtlja #analytics #rstats https://t.co/A1L3aEdgj6",FALSE,7,NA,2016-02-23 05:09:51,FALSE,NA,"701997377725591552",NA,"<a href=""http://bufferapp.com"" rel=""nofollow"">Buffer</a>","AnalyticsVidhya",2,FALSE,FALSE,NA,NA
"RT @JennyBryan: How to report abusive behaviour on twitter: https://t.co/UtF0H5FUue #rstats",FALSE,0,NA,2016-02-23 05:01:59,FALSE,NA,"701995394297757698",NA,"<a href=""http://tapbots.com/software/tweetbot/mac"" rel=""nofollow"">Tweetbot for Mac</a>","kwbroman",4,TRUE,FALSE,NA,NA
"RT @Rbloggers: Latest Redmonk and Tiobe language rankings for R https://t.co/lVWw17oEPB #rstats #DataScience",FALSE,0,NA,2016-02-23 04:45:04,FALSE,NA,"701991139126042625",NA,"<a href=""http://twitter.com/download/android"" rel=""nofollow"">Twitter for Android</a>","tanmoy77",4,TRUE,FALSE,NA,NA
"RT @R_Graph_Gallery: +120 plots available in the https://t.co/94JzuHm8wV, with the associated #R code! #data #dataviz #graph #rstats https:…",FALSE,0,NA,2016-02-23 04:42:40,FALSE,NA,"701990533158281217",NA,"<a href=""http://twitter.com/download/iphone"" rel=""nofollow"">Twitter for iPhone</a>","JoergSteinkamp",5,TRUE,FALSE,NA,NA
"RT @KirkDBorne: Useful packages (libraries) for Data Analysis in R: https://t.co/haRKopFyly #DataScience #Rstats by @analyticsvidhya https:…",FALSE,0,NA,2016-02-23 04:40:44,FALSE,NA,"701990049584295936",NA,"<a href=""http://twitter.com/download/iphone"" rel=""nofollow"">Twitter for iPhone</a>","SmithMattC",97,TRUE,FALSE,NA,NA
"RT @NumFOCUS: Join NumFOCUS and show your support for #opensource #datascience! https://t.co/y8ZQiOSaTp #julialang #rstats #matlab #python …",FALSE,0,NA,2016-02-23 04:37:39,FALSE,NA,"701989272191021056",NA,"<a href=""http://twitter.com"" rel=""nofollow"">Twitter Web Client</a>","aneomatrix",8,TRUE,FALSE,NA,NA
"Latest Redmonk and Tiobe language rankings for R https://t.co/hgSx01b7SU #rstats",FALSE,0,NA,2016-02-23 04:37:31,FALSE,NA,"701989237718016000",NA,"<a href=""http://www.exegetic.biz"" rel=""nofollow"">RSS/Atom Feed Tweeter</a>","DataWookie",0,FALSE,FALSE,NA,NA
"RT @plotlygraphs: Tutorial on using #jupyter notebook with the R kernel:

https://t.co/FMsqFWx0td

#rstats #jupyterday https://t.co/MMg9cIs…",FALSE,0,NA,2016-02-23 04:37:19,FALSE,NA,"701989188359487488",NA,"<a href=""http://twitter.com/download/android"" rel=""nofollow"">Twitter for Android</a>","albinocoffee",10,TRUE,FALSE,NA,NA
"RT @bhaskar_vk: Do #python|#javascript|#julialang have a #dataviz library based on the Grammar of Graphics, like #rstats's #ggplot2 ? If no…",FALSE,0,NA,2016-02-23 04:36:25,FALSE,NA,"701988960017346560",NA,"<a href=""http://twitter.com"" rel=""nofollow"">Twitter Web Client</a>","aneomatrix",4,TRUE,FALSE,NA,NA
"RT @souravc83: Don't like histograms? Density estimators might be better. #rstats #DataScience #analytics https://t.co/fHuotZh11g",FALSE,0,NA,2016-02-23 04:30:22,FALSE,NA,"701987437464186880",NA,"<a href=""http://twitter.com"" rel=""nofollow"">Twitter Web Client</a>","joshjfink",1,TRUE,FALSE,NA,NA
"Why #pandas users should be excited about Apache Arrow #python #rstats https://t.co/LuqAqZIGyV",FALSE,1,NA,2016-02-23 04:28:34,FALSE,NA,"701986987708964864",NA,"<a href=""http://twitter.com"" rel=""nofollow"">Twitter Web Client</a>","spsarkar",0,FALSE,FALSE,NA,NA
"RT @Hoog10HK: #GGPLOT2 prezzo updated! https://t.co/v7asERh5ha
@hrbrmstr ggalt has vertical. #rstats @timelyportfolio @bhaskar_vk https://t…",FALSE,0,NA,2016-02-23 04:26:44,FALSE,NA,"701986526838833152",NA,"<a href=""http://twitter.com"" rel=""nofollow"">Twitter Web Client</a>","ErmiaBivatan",6,TRUE,FALSE,NA,NA
"RT @drob: When you start writing a loop then turn it into dplyr

#rstats https://t.co/M0gXUXuYCP",FALSE,0,NA,2016-02-23 04:24:44,FALSE,NA,"701986020208676865",NA,"<a href=""http://twitter.com"" rel=""nofollow"">Twitter Web Client</a>","NitinMdsu",41,TRUE,FALSE,NA,NA
"RT @Rbloggers: Latest Redmonk and Tiobe language rankings for R https://t.co/lVWw17oEPB #rstats #DataScience",FALSE,0,NA,2016-02-23 04:22:23,FALSE,NA,"701985430112223232",NA,"<a href=""http://twitter.com/download/android"" rel=""nofollow"">Twitter for Android</a>","Pvalsfr",4,TRUE,FALSE,NA,NA
"RT @jletteboer: Networkx #Datascience #Bigdata Tools is out! https://t.co/nhizjSvaOi #rstats #python Stories via @quality_jamie @PlainSpeak…",FALSE,0,NA,2016-02-23 04:20:51,FALSE,NA,"701985043795861504",NA,"<a href=""https://gamedevbrain.wordpress.com/"" rel=""nofollow"">BigDataTweetBot</a>","BigDataTweetBot",2,TRUE,FALSE,NA,NA
"@quominus yep. Terrible environment (as you well know). Stack overflow, however, works wonderfully for rstats stuff.",FALSE,1,"quominus",2016-02-23 04:18:56,FALSE,"701958522385334272","701984562033750016","221668486","<a href=""http://mvilla.it/fenix"" rel=""nofollow"">Fenix for Android</a>","coolbutuseless",0,FALSE,FALSE,NA,NA
"@joshjfink I am. Still painful. #firstworldproblems #rstats",FALSE,1,"joshjfink",2016-02-23 04:18:10,FALSE,"701983406813552640","701984367279603712","2251028041","<a href=""http://twitter.com"" rel=""nofollow"">Twitter Web Client</a>","souravc83",0,FALSE,FALSE,NA,NA
"RT @quominus: I know people crap on newbs a lot but the #rstats Facebook group is making me really hate experienced devs.",FALSE,0,NA,2016-02-23 04:18:01,FALSE,NA,"701984330315206662",NA,"<a href=""http://mvilla.it/fenix"" rel=""nofollow"">Fenix for Android</a>","coolbutuseless",1,TRUE,FALSE,NA,NA
"Networkx #Datascience #Bigdata Tools is out! https://t.co/nhizjSvaOi #rstats #python Stories via @quality_jamie @PlainSpeak13 @lisa_monk",FALSE,1,NA,2016-02-23 04:14:02,FALSE,NA,"701983327536988160",NA,"<a href=""http://paper.li"" rel=""nofollow"">Paper.li</a>","jletteboer",2,FALSE,FALSE,NA,NA
"RT @Rbloggers: Latest Redmonk and Tiobe language rankings for R https://t.co/lVWw17oEPB #rstats #DataScience",FALSE,0,NA,2016-02-23 04:13:49,FALSE,NA,"701983275640758272",NA,"<a href=""http://twitter.com/download/android"" rel=""nofollow"">Twitter for Android</a>","wtibrentdubai",4,TRUE,FALSE,NA,NA
"RT @reichlab: Like the looks of broom package for #rstats by @drob. Sadly, too late to include in my MLR lecture this week. https://t.co/0y…",FALSE,0,NA,2016-02-23 04:10:38,FALSE,NA,"701982474897723392",NA,"<a href=""http://twitter.com/download/android"" rel=""nofollow"">Twitter for Android</a>","nekrum",2,TRUE,FALSE,NA,NA
"Latest Redmonk and Tiobe language rankings for R https://t.co/lVWw17oEPB #rstats #DataScience",FALSE,1,NA,2016-02-23 04:10:09,FALSE,NA,"701982349936893953",NA,"<a href=""http://www.r-bloggers.com"" rel=""nofollow"">r-bloggers.com</a>","Rbloggers",4,FALSE,FALSE,NA,NA
"RT @BrockTibert: A really solid post on machine learning in #rstats with caret.  https://t.co/QmwV8jAZFk",FALSE,0,NA,2016-02-23 04:06:59,FALSE,NA,"701981553497276416",NA,"<a href=""http://twitter.com/download/android"" rel=""nofollow"">Twitter for Android</a>","nekrum",1,TRUE,FALSE,NA,NA
"RT @JennyBryan: How to report abusive behaviour on twitter: https://t.co/UtF0H5FUue #rstats",FALSE,0,NA,2016-02-23 04:06:41,FALSE,NA,"701981480529088512",NA,"<a href=""http://twitter.com"" rel=""nofollow"">Twitter Web Client</a>","wrathematics",4,TRUE,FALSE,NA,NA
"""Rstats"" on Tweeted Times #rstats https://t.co/X6haMFDKGP - top stories by @mmeierer, @earlconf, @S_Foroutan",FALSE,1,NA,2016-02-23 04:00:01,FALSE,NA,"701979800592900096",NA,"<a href=""http://www.tweetedtimes.com"" rel=""nofollow"">The Tweeted Times</a>","sfrechette",0,FALSE,FALSE,NA,NA
"RT @sandakano: Manipulating data frames in #rstats with #SQL : https://t.co/ftiLgOKwaH",FALSE,0,NA,2016-02-23 03:56:59,FALSE,NA,"701979037619466240",NA,"<a href=""http://twitter.com"" rel=""nofollow"">Twitter Web Client</a>","reiver",2,TRUE,FALSE,NA,NA
"RT @plotlygraphs: Tutorial on using #jupyter notebook with the R kernel:

https://t.co/FMsqFWx0td

#rstats #jupyterday https://t.co/MMg9cIs…",FALSE,0,NA,2016-02-23 03:45:13,FALSE,NA,"701976075094458369",NA,"<a href=""http://twitter.com/download/iphone"" rel=""nofollow"">Twitter for iPhone</a>","biobenkj",10,TRUE,FALSE,NA,NA
"RT @Physical_Prep: Sooo many books, sooo little time... @DavidGJoyce @rlmcelreath #RStats https://t.co/hnbUmiEmp5",FALSE,0,NA,2016-02-23 03:41:42,FALSE,NA,"701975193057529856",NA,"<a href=""http://twitter.com/download/iphone"" rel=""nofollow"">Twitter for iPhone</a>","jymyrna",2,TRUE,FALSE,NA,NA
"@JennyBryan Wow, that's awful. I went through and reported those tweets. #rstats is usually such a nice, supportive place!",FALSE,3,"JennyBryan",2016-02-23 03:40:40,FALSE,"701973095733547009","701974930254999553","2167059661","<a href=""http://twitter.com"" rel=""nofollow"">Twitter Web Client</a>","JAlexBranham",0,FALSE,FALSE,NA,NA
"RT @JennyBryan: How to report abusive behaviour on twitter: https://t.co/UtF0H5FUue #rstats",FALSE,0,NA,2016-02-23 03:40:17,FALSE,NA,"701974836189536256",NA,"<a href=""http://tapbots.com/software/tweetbot/mac"" rel=""nofollow"">Tweetbot for Mac</a>","Jemus42",4,TRUE,FALSE,NA,NA
"RT @robbibt: I *may* have broken ggplot2... #chernobyl #rstats https://t.co/IPRBfKLPya",FALSE,0,NA,2016-02-23 03:35:08,FALSE,NA,"701973540451422208",NA,"<a href=""http://twitter.com/download/android"" rel=""nofollow"">Twitter for Android</a>","echolgate",1,TRUE,FALSE,NA,NA
"worst part of writing R package: write documentation. :( #rstats",FALSE,0,NA,2016-02-23 03:34:07,FALSE,NA,"701973282522664962",NA,"<a href=""http://twitter.com"" rel=""nofollow"">Twitter Web Client</a>","souravc83",0,FALSE,FALSE,NA,NA
"How to report abusive behaviour on twitter: https://t.co/UtF0H5FUue #rstats",FALSE,15,NA,2016-02-23 03:33:22,FALSE,NA,"701973095733547009",NA,"<a href=""http://tapbots.com/software/tweetbot/mac"" rel=""nofollow"">Tweetbot for Mac</a>","JennyBryan",4,FALSE,FALSE,NA,NA
"Tutorial on using #jupyter notebook with the R kernel:

https://t.co/FMsqFWx0td

#rstats #jupyterday https://t.co/MMg9cIsdvb",FALSE,30,NA,2016-02-23 03:24:47,FALSE,NA,"701970936505847808",NA,"<a href=""http://twitter.com"" rel=""nofollow"">Twitter Web Client</a>","plotlygraphs",10,FALSE,FALSE,NA,NA
"RT @polonglin: 3/19 Tokyo #meetup on R <U+30C7><U+30FC><U+30BF><U+30B5><U+30A4><U+30A8><U+30F3><U+30C6><U+30A3><U+30B9><U+30C8><U+306E><U+305F><U+3081><U+306E>R<U+30A4><U+30F3><U+30C8><U+30ED><U+30C0><U+30AF><U+30B7><U+30E7><U+30F3> #rstats #datascience #tokyo @BigDataU https://t.co/vgh865pJER",FALSE,0,NA,2016-02-23 03:16:08,FALSE,NA,"701968759439826944",NA,"<a href=""http://twitter.com/download/iphone"" rel=""nofollow"">Twitter for iPhone</a>","Akihiro1982",2,TRUE,FALSE,NA,NA
"RT @KirkDBorne: Useful packages (libraries) for Data Analysis in R: https://t.co/haRKopFyly #DataScience #Rstats by @analyticsvidhya https:…",FALSE,0,NA,2016-02-23 03:14:55,FALSE,NA,"701968451087110144",NA,"<a href=""http://twitter.com"" rel=""nofollow"">Twitter Web Client</a>","dawnbazely",97,TRUE,FALSE,NA,NA
"RT @Hoog10HK: #GGPLOT2 prezzo updated! https://t.co/v7asERh5ha
@hrbrmstr ggalt has vertical. #rstats @timelyportfolio @bhaskar_vk https://t…",FALSE,0,NA,2016-02-23 03:04:38,FALSE,NA,"701965863440797696",NA,"<a href=""http://dirkmjk.nl"" rel=""nofollow"">dataAndDataViz</a>","DataAndDataViz",6,TRUE,FALSE,NA,NA
"RT @Physical_Prep: Sooo many books, sooo little time... @DavidGJoyce @rlmcelreath #RStats https://t.co/hnbUmiEmp5",FALSE,0,NA,2016-02-23 03:04:12,FALSE,NA,"701965755001081856",NA,"<a href=""http://twitter.com/download/iphone"" rel=""nofollow"">Twitter for iPhone</a>","DavidGJoyce",2,TRUE,FALSE,NA,NA
"RT @Hoog10HK: #GGPLOT2 prezzo updated! https://t.co/v7asERh5ha
@hrbrmstr ggalt has vertical. #rstats @timelyportfolio @bhaskar_vk https://t…",FALSE,0,NA,2016-02-23 03:01:41,FALSE,NA,"701965123498315777",NA,"<a href=""http://twitter.com/download/iphone"" rel=""nofollow"">Twitter for iPhone</a>","awhstin",6,TRUE,FALSE,NA,NA
"RT @Hoog10HK: #GGPLOT2 prezzo updated! https://t.co/v7asERh5ha
@hrbrmstr ggalt has vertical. #rstats @timelyportfolio @bhaskar_vk https://t…",FALSE,0,NA,2016-02-23 02:58:19,FALSE,NA,"701964273807921156",NA,"<a href=""http://twitter.com"" rel=""nofollow"">Twitter Web Client</a>","hrbrmstr",6,TRUE,FALSE,NA,NA
"RT @Hoog10HK: #GGPLOT2 prezzo updated! https://t.co/v7asERh5ha
@hrbrmstr ggalt has vertical. #rstats @timelyportfolio @bhaskar_vk https://t…",FALSE,0,NA,2016-02-23 02:57:11,FALSE,NA,"701963988100390912",NA,"<a href=""http://twitter.com"" rel=""nofollow"">Twitter Web Client</a>","timelyportfolio",6,TRUE,FALSE,NA,NA
"@quominus That sucks,also whoever said""you should learn C""on #rstats should learn R. C's syntax 4 creating a named fcn is totally different.",FALSE,1,"quominus",2016-02-23 02:55:28,FALSE,"701958791970078721","701963557701820417","221668486","<a href=""http://twitter.com"" rel=""nofollow"">Twitter Web Client</a>","joshjfink",0,FALSE,FALSE,NA,NA
"#GGPLOT2 prezzo updated! https://t.co/v7asERh5ha
@hrbrmstr ggalt has vertical. #rstats @timelyportfolio @bhaskar_vk https://t.co/2rpHxJfKGF",FALSE,1,NA,2016-02-23 02:52:36,FALSE,NA,"701962836142981123",NA,"<a href=""http://twitter.com"" rel=""nofollow"">Twitter Web Client</a>","Hoog10HK",6,FALSE,FALSE,NA,NA
"Get @neracoos data via their ERDDAP server in #rstats  https://t.co/kIX0pQJS1L",FALSE,0,NA,2016-02-23 02:52:31,FALSE,NA,"701962815297327106",NA,"<a href=""https://about.twitter.com/products/tweetdeck"" rel=""nofollow"">TweetDeck</a>","sckottie",0,FALSE,FALSE,NA,NA
"RT @Rbloggers: Working with MS SQL server on non-windows systems https://t.co/t2qB2xIQIZ #rstats #DataScience",FALSE,0,NA,2016-02-23 02:51:08,FALSE,NA,"701962465869848576",NA,"<a href=""http://twitter.com/download/android"" rel=""nofollow"">Twitter for Android</a>","wtibrentdubai",6,TRUE,FALSE,NA,NA
"RT @Rbloggers: Installing cuda toolkit and related R packages https://t.co/mXiQT3zSwM #rstats #DataScience",FALSE,0,NA,2016-02-23 02:50:53,FALSE,NA,"701962404528140288",NA,"<a href=""http://twitter.com/download/android"" rel=""nofollow"">Twitter for Android</a>","wtibrentdubai",3,TRUE,FALSE,NA,NA
"RT @polonglin: 3/19 Tokyo #meetup on R <U+30C7><U+30FC><U+30BF><U+30B5><U+30A4><U+30A8><U+30F3><U+30C6><U+30A3><U+30B9><U+30C8><U+306E><U+305F><U+3081><U+306E>R<U+30A4><U+30F3><U+30C8><U+30ED><U+30C0><U+30AF><U+30B7><U+30E7><U+30F3> #rstats #datascience #tokyo @BigDataU https://t.co/vgh865pJER",FALSE,0,NA,2016-02-23 02:50:11,FALSE,NA,"701962226060529664",NA,"<a href=""http://twitter.com"" rel=""nofollow"">Twitter Web Client</a>","ZonoYu",2,TRUE,FALSE,NA,NA
"Sooo many books, sooo little time... @DavidGJoyce @rlmcelreath #RStats https://t.co/hnbUmiEmp5",FALSE,19,NA,2016-02-23 02:48:30,FALSE,NA,"701961802259673088",NA,"<a href=""http://twitter.com"" rel=""nofollow"">Twitter Web Client</a>","Physical_Prep",2,FALSE,FALSE,NA,NA
".@theboocock Was great to bring together the great stuff #Rstats can do. Must do it again. #Genomics #Bioinformatics #DataCarpentry #ResBaz",FALSE,1,"theboocock",2016-02-23 02:44:44,FALSE,"701960330818117632","701960855353569280","511597744","<a href=""http://twitter.com"" rel=""nofollow"">Twitter Web Client</a>","tomkXY",0,FALSE,FALSE,NA,NA
".@tomkXY People really saw how useful R could when you use Rmd. This was made possible only with the great  R intro though #rstats #resbaz",FALSE,0,"tomkXY",2016-02-23 02:42:39,FALSE,"701942708412092416","701960330818117632","2842025330","<a href=""http://twitter.com"" rel=""nofollow"">Twitter Web Client</a>","theboocock",0,FALSE,FALSE,NA,NA
"RT @earlconf: Want to speak at  #EARL2016 #rstats #R Conference in #London? Call for Abstracts https://t.co/FpUDaN7Vpu https://t.co/kAFhlaV…",FALSE,0,NA,2016-02-23 02:36:07,FALSE,NA,"701958688878280705",NA,"<a href=""http://www.foo.com"" rel=""nofollow"">Top Email Retweets</a>","UKStartupEvents",2,TRUE,FALSE,NA,NA
"I know people crap on newbs a lot but the #rstats Facebook group is making me really hate experienced devs.",FALSE,0,NA,2016-02-23 02:35:28,FALSE,NA,"701958522385334272",NA,"<a href=""http://twitter.com/download/iphone"" rel=""nofollow"">Twitter for iPhone</a>","quominus",1,FALSE,FALSE,NA,NA
"Analyzing cricket’s batting legends – Through the mirage with R https://t.co/OPipovADrU #cricket #rstats",FALSE,0,NA,2016-02-23 02:22:41,FALSE,NA,"701955307333939200",NA,"<a href=""http://linkis.com"" rel=""nofollow"">Linkis.com</a>","tvganesh_85",0,FALSE,FALSE,NA,NA
"RT @DrDanHolmes: Stephen @srmaster lecturing @MSACL about Breaking up with Excel using #Rstats. Podium label is prophetic! https://t.co/BX3…",FALSE,0,NA,2016-02-23 02:20:38,FALSE,NA,"701954791841267712",NA,"<a href=""http://twitter.com/download/iphone"" rel=""nofollow"">Twitter for iPhone</a>","SHaymondSays",2,TRUE,FALSE,NA,NA
"RT @DrDanHolmes: Student in our #rstats class also my FB friend writes awesome Haiku. @gracieinthecity @srmaster @LauraParnas @MSACL https:…",FALSE,0,NA,2016-02-23 02:20:30,FALSE,NA,"701954757842247680",NA,"<a href=""http://twitter.com/download/iphone"" rel=""nofollow"">Twitter for iPhone</a>","SHaymondSays",1,TRUE,FALSE,NA,NA
"Good guide #rstats #dataexploration from the prolific #practical @AnalyticsVidhya 
 https://t.co/YJf2RNF5PV",FALSE,0,NA,2016-02-23 02:04:04,FALSE,NA,"701950623839813632",NA,"<a href=""http://bufferapp.com"" rel=""nofollow"">Buffer</a>","adamson",0,FALSE,FALSE,NA,NA
"https://t.co/VszNN5UU9U Mapped and wrote about @MiamiDadeCounty traffic fatalities...used #rstats and #opendata",FALSE,2,NA,2016-02-23 01:48:03,FALSE,NA,"701946592950165506",NA,"<a href=""http://twitter.com"" rel=""nofollow"">Twitter Web Client</a>","ArieSpirgel",0,FALSE,FALSE,NA,NA
"So, normally when I update to the latest #rstats version, I need to install ALL my r-pkgs again. Looks like @rstudio has fixed that! Praise!",FALSE,0,NA,2016-02-23 01:46:04,FALSE,NA,"701946090677907456",NA,"<a href=""http://twitter.com"" rel=""nofollow"">Twitter Web Client</a>","TierneyNicholas",0,FALSE,FALSE,NA,NA
"This nifty quick Markdown site is great https://t.co/2UI2yozZgC for anyone wanting to get into rmarkdown / knitr, even for #Rstats workshops",FALSE,0,NA,2016-02-23 01:40:54,FALSE,NA,"701944791316082688",NA,"<a href=""http://twitter.com"" rel=""nofollow"">Twitter Web Client</a>","tomkXY",0,FALSE,FALSE,NA,NA
"RT @grssnbchr: 6 reasons why data journalists should finally start using R in 2016 https://t.co/IXLTtwCakM #ddj #rstats #rddj https://t.co/…",FALSE,0,NA,2016-02-23 01:33:28,FALSE,NA,"701942921344458753",NA,"<a href=""http://twitter.com/download/iphone"" rel=""nofollow"">Twitter for iPhone</a>","journocode",78,TRUE,FALSE,NA,NA
"This afternoon MIk and @theboocock bring reproducible research to our new students: knitr, rmarkdown, etc... #Rstats #datacarpentry #resbaz",FALSE,0,NA,2016-02-23 01:32:37,FALSE,NA,"701942708412092416",NA,"<a href=""http://twitter.com"" rel=""nofollow"">Twitter Web Client</a>","tomkXY",0,FALSE,FALSE,NA,NA
"RT @NumFOCUS: Join NumFOCUS and show your support for #opensource #datascience! https://t.co/y8ZQiOSaTp #julialang #rstats #matlab #python …",FALSE,0,NA,2016-02-23 01:23:36,FALSE,NA,"701940436626092032",NA,"<a href=""http://twitter.com/download/iphone"" rel=""nofollow"">Twitter for iPhone</a>","Kingwulf",8,TRUE,FALSE,NA,NA
"Teaching data skills: if not now, then when? #DataScience #rstats @ThisisStats @tpsemath  https://t.co/1m38kw3JHT",FALSE,3,NA,2016-02-23 01:17:00,FALSE,NA,"701938775035813888",NA,"<a href=""http://twitter.com"" rel=""nofollow"">Twitter Web Client</a>","askdrstats",1,FALSE,FALSE,NA,NA
"Bind exercises https://t.co/OSgMkfjS3P #rstats",FALSE,0,NA,2016-02-23 01:08:08,FALSE,NA,"701936546232946688",NA,"<a href=""http://www.exegetic.biz"" rel=""nofollow"">RSS/Atom Feed Tweeter</a>","DataWookie",0,FALSE,FALSE,NA,NA
"RT @NumFOCUS: Join NumFOCUS and show your support for #opensource #datascience! https://t.co/y8ZQiOSaTp #julialang #rstats #matlab #python …",FALSE,0,NA,2016-02-23 01:04:09,FALSE,NA,"701935542364086272",NA,"<a href=""https://about.twitter.com/products/tweetdeck"" rel=""nofollow"">TweetDeck</a>","JuliaLanguage",8,TRUE,FALSE,NA,NA
"RT @NumFOCUS: Join NumFOCUS and show your support for #opensource #datascience! https://t.co/y8ZQiOSaTp #julialang #rstats #matlab #python …",FALSE,0,NA,2016-02-23 01:04:09,FALSE,NA,"701935542330523649",NA,"<a href=""https://about.twitter.com/products/tweetdeck"" rel=""nofollow"">TweetDeck</a>","JuliaLangsEs",8,TRUE,FALSE,NA,NA
"RT @NumFOCUS: Join NumFOCUS and show your support for #opensource #datascience! https://t.co/y8ZQiOSaTp #julialang #rstats #matlab #python …",FALSE,0,NA,2016-02-23 01:04:09,FALSE,NA,"701935542301134848",NA,"<a href=""https://about.twitter.com/products/tweetdeck"" rel=""nofollow"">TweetDeck</a>","ismael_vc",8,TRUE,FALSE,NA,NA
"RT @pssGuy: #rstats @plotlygraphs shiny interactive #OECD map app
https://t.co/zkT2k6ZIWJ
@cpsievert @JennyBryan https://t.co/hmvy4aapCy",FALSE,0,NA,2016-02-23 01:00:57,FALSE,NA,"701934737036746753",NA,"<a href=""http://twitter.com/download/iphone"" rel=""nofollow"">Twitter for iPhone</a>","kyle_e_walker",9,TRUE,FALSE,NA,NA
"RT @drob: When you start writing a loop then turn it into dplyr

#rstats https://t.co/M0gXUXuYCP",FALSE,0,NA,2016-02-23 01:00:36,FALSE,NA,"701934650462248964",NA,"<a href=""http://twitter.com/download/iphone"" rel=""nofollow"">Twitter for iPhone</a>","mariacdangelo",41,TRUE,FALSE,NA,NA
"I wasted a good 10 min today trying to run a function in package #phytools before realizing  it was really in package phyLoTools #rstats",FALSE,0,NA,2016-02-23 00:51:44,FALSE,NA,"701932417943101440",NA,"<a href=""http://twitter.com/download/iphone"" rel=""nofollow"">Twitter for iPhone</a>","rafmarcondes",0,FALSE,FALSE,NA,NA
"RT @drob: When you start writing a loop then turn it into dplyr

#rstats https://t.co/M0gXUXuYCP",FALSE,0,NA,2016-02-23 00:37:19,FALSE,NA,"701928790562222080",NA,"<a href=""http://twitter.com/download/android"" rel=""nofollow"">Twitter for Android</a>","bluelight_mike",41,TRUE,FALSE,NA,NA
"RT @hadleywickham: babynames package now includes 2014 data: https://t.co/TcaJxiEjZl #rstats",FALSE,0,NA,2016-02-23 00:35:28,FALSE,NA,"701928323442585600",NA,"<a href=""http://itunes.apple.com/us/app/twitter/id409789998?mt=12"" rel=""nofollow"">Twitter for Mac</a>","aindap",19,TRUE,FALSE,NA,NA
"RT @NumFOCUS: Join NumFOCUS and show your support for #opensource #datascience! https://t.co/y8ZQiOSaTp #julialang #rstats #matlab #python …",FALSE,0,NA,2016-02-23 00:34:53,FALSE,NA,"701928176625123329",NA,"<a href=""http://twitter.com/download/android"" rel=""nofollow"">Twitter for Android</a>","ucfagls",8,TRUE,FALSE,NA,NA
"RT @NumFOCUS: Join NumFOCUS and show your support for #opensource #datascience! https://t.co/y8ZQiOSaTp #julialang #rstats #matlab #python …",FALSE,0,NA,2016-02-23 00:32:01,FALSE,NA,"701927456119238656",NA,"<a href=""https://about.twitter.com/products/tweetdeck"" rel=""nofollow"">TweetDeck</a>","sckottie",8,TRUE,FALSE,NA,NA
"RT @RLangTip: sessionInfo()$otherPkgs will print the details of non base R packages attached to your session. https://t.co/0cJy25Sgtt #rsta…",FALSE,0,NA,2016-02-23 00:30:32,FALSE,NA,"701927083216343040",NA,"<a href=""http://twitter.com/download/android"" rel=""nofollow"">Twitter for Android</a>","mhiggins2000",6,TRUE,FALSE,NA,NA
"Join NumFOCUS and show your support for #opensource #datascience! https://t.co/y8ZQiOSaTp #julialang #rstats #matlab #python #cplusplus",FALSE,13,NA,2016-02-23 00:30:23,FALSE,NA,"701927045769650178",NA,"<a href=""http://www.hootsuite.com"" rel=""nofollow"">Hootsuite</a>","NumFOCUS",8,FALSE,FALSE,NA,NA
"I *may* have broken ggplot2... #chernobyl #rstats https://t.co/IPRBfKLPya",FALSE,3,NA,2016-02-23 00:30:02,FALSE,NA,"701926955810054144",NA,"<a href=""http://twitter.com"" rel=""nofollow"">Twitter Web Client</a>","robbibt",1,FALSE,FALSE,NA,NA
"RT @Rbloggers: Advanced Analytics Software’s Most Important Feature? Gartner Says it’s VCF https://t.co/Dt7aV6BxDt #rstats #DataScience",FALSE,0,NA,2016-02-23 00:29:11,FALSE,NA,"701926741728690176",NA,"<a href=""https://roundteam.co"" rel=""nofollow"">RoundTeam</a>","homeAIinfo",3,TRUE,FALSE,NA,NA
"RT @KirkDBorne: Useful packages (libraries) for Data Analysis in R: https://t.co/haRKopFyly #DataScience #Rstats by @analyticsvidhya https:…",FALSE,0,NA,2016-02-23 00:26:56,FALSE,NA,"701926179243167748",NA,"<a href=""http://twitter.com/download/android"" rel=""nofollow"">Twitter for Android</a>","DDEdwards_",97,TRUE,FALSE,NA,NA
"RT @hadleywickham: babynames package now includes 2014 data: https://t.co/TcaJxiEjZl #rstats",FALSE,0,NA,2016-02-23 00:14:39,FALSE,NA,"701923085885186048",NA,"<a href=""http://twitter.com/download/iphone"" rel=""nofollow"">Twitter for iPhone</a>","tangming2005",19,TRUE,FALSE,NA,NA
"RT @plotlygraphs: Check out the plotly build of the official ggplot2 docs:
https://t.co/ZOP5Ri4Vhc
#ggplot2 #rstats https://t.co/Z8wEcm8TUh",FALSE,2,NA,2016-02-23 00:10:10,FALSE,NA,"701921958548656129",NA,"<a href=""http://www.hootsuite.com"" rel=""nofollow"">Hootsuite</a>","NumFOCUS",0,FALSE,FALSE,NA,NA
"RT @Mehdi_Nemlaghi: @drob Well, when you begin to master #rstats #datatable package with Keys &amp; joins, u feel like this (fast and agile) ht…",FALSE,0,NA,2016-02-23 00:09:59,FALSE,NA,"701921910750248964",NA,"<a href=""http://twitter.com"" rel=""nofollow"">Twitter Web Client</a>","MattDowle",3,TRUE,FALSE,NA,NA
"RT @KirkDBorne: 600 websites about R: https://t.co/9xeqx06FTD #abdsc #Rstats #DataScience #Statistics #MachineLearning https://t.co/0kKVoqr…",FALSE,0,NA,2016-02-23 00:07:40,FALSE,NA,"701921327737925636",NA,"<a href=""http://twitter.com/download/iphone"" rel=""nofollow"">Twitter for iPhone</a>","klunkySQL",16,TRUE,FALSE,NA,NA
"RT @Rbloggers: Advanced Analytics Software’s Most Important Feature? Gartner Says it’s VCF https://t.co/Dt7aV6BxDt #rstats #DataScience",FALSE,0,NA,2016-02-23 00:01:37,FALSE,NA,"701919804400148481",NA,"<a href=""http://twitter.com/download/android"" rel=""nofollow"">Twitter for Android</a>","zaticwu",3,TRUE,FALSE,NA,NA
"RT @R_Graph_Gallery: +120 plots available in the https://t.co/94JzuHm8wV, with the associated #R code! #data #dataviz #graph #rstats https:…",FALSE,0,NA,2016-02-23 00:00:07,FALSE,NA,"701919429622423554",NA,"<a href=""http://abc.com"" rel=""nofollow"">WP Tweet Machine 4 ITSIN</a>","InfographicsIts",5,TRUE,FALSE,NA,NA
"RT @R_Graph_Gallery: +120 plots available in the https://t.co/94JzuHm8wV, with the associated #R code! #data #dataviz #graph #rstats https:…",FALSE,0,NA,2016-02-22 23:59:28,FALSE,NA,"701919266929516544",NA,"<a href=""http://twitter.com/#!/download/ipad"" rel=""nofollow"">Twitter for iPad</a>","_SevillaR",5,TRUE,FALSE,NA,NA
"RT @dataiku: 600 websites about R: https://t.co/qGfZPwfn49 #Rstats #DataScience #Statistics #MachineLearning | RT @KirkDBorne https://t.co/…",FALSE,0,NA,2016-02-22 23:58:30,FALSE,NA,"701919020715536385",NA,"<a href=""http://twitter.com/download/iphone"" rel=""nofollow"">Twitter for iPhone</a>","tthus",2,TRUE,FALSE,NA,NA
"R for Deep Learning (I): Build Fully Connected Neural Network from Scratch
https://t.co/1BMihNHO9D
#rstats #DeepLearning #machinelearning",FALSE,0,NA,2016-02-22 23:57:28,FALSE,NA,"701918762228961281",NA,"<a href=""http://twitter.com"" rel=""nofollow"">Twitter Web Client</a>","kevlbass1024",0,FALSE,FALSE,NA,NA
"&gt; parse(text = ""x[[1\n]# lol\n]"")
expression(x[[1
]# lol
])

#rstats",FALSE,1,NA,2016-02-22 23:55:06,FALSE,NA,"701918165119307776",NA,"<a href=""http://twitter.com"" rel=""nofollow"">Twitter Web Client</a>","kevin_ushey",0,FALSE,FALSE,NA,NA
"RT @pssGuy: #rstats @plotlygraphs shiny interactive #OECD map app
https://t.co/zkT2k6ZIWJ
@cpsievert @JennyBryan https://t.co/hmvy4aapCy",FALSE,0,NA,2016-02-22 23:52:57,FALSE,NA,"701917625853476864",NA,"<a href=""https://about.twitter.com/products/tweetdeck"" rel=""nofollow"">TweetDeck</a>","cpsievert",9,TRUE,FALSE,NA,NA
"@ETNAR_uk @Worville @Torvaney (hard writing #rstats in a tweet haha)",FALSE,1,"UTVilla",2016-02-22 23:52:22,FALSE,"701917342746464261","701917477920493573","293697138","<a href=""http://twitter.com"" rel=""nofollow"">Twitter Web Client</a>","UTVilla",0,FALSE,FALSE,NA,NA
"RT @Rbloggers: Conducting Assessments and Surveys with Shiny https://t.co/xf8ldHqkSu #rstats #DataScience",FALSE,0,NA,2016-02-22 23:51:12,FALSE,NA,"701917182934913025",NA,"<a href=""http://twitter.com/download/android"" rel=""nofollow"">Twitter for Android</a>","LovedeepSG",7,TRUE,FALSE,NA,NA
"RT @R_Graph_Gallery: +120 plots available in the https://t.co/94JzuHm8wV, with the associated #R code! #data #dataviz #graph #rstats https:…",FALSE,0,NA,2016-02-22 23:45:39,FALSE,NA,"701915786814869504",NA,"<a href=""http://twitter.com/download/android"" rel=""nofollow"">Twitter for Android</a>","AntoViral",5,TRUE,FALSE,NA,NA
"RT @R_Graph_Gallery: +120 plots available in the https://t.co/94JzuHm8wV, with the associated #R code! #data #dataviz #graph #rstats https:…",FALSE,0,NA,2016-02-22 23:45:20,FALSE,NA,"701915708859531267",NA,"<a href=""http://twitter.com/#!/download/ipad"" rel=""nofollow"">Twitter for iPad</a>","frod_san",5,TRUE,FALSE,NA,NA
"rCharts: https://t.co/TnodbClXtH #rstats #lattice",FALSE,1,NA,2016-02-22 23:40:02,FALSE,NA,"701914374626103296",NA,"<a href=""http://twitter.com"" rel=""nofollow"">Twitter Web Client</a>","imsanaw",0,FALSE,FALSE,NA,NA
"#PAWWorkforce #rstats #yesthatissurvival SPKFR for 15% off! https://t.co/OnaFsdVPpy",FALSE,0,NA,2016-02-22 23:38:52,FALSE,NA,"701914081389735936",NA,"<a href=""http://www.linkedin.com/"" rel=""nofollow"">LinkedIn</a>","jon_framp",0,FALSE,FALSE,NA,NA
"RT @revodavid: .@redmonk's rankings are reassuringly steady over time. R holds at #13 https://t.co/quDaI2kyWZ #rstats https://t.co/0yy5cghZ…",FALSE,0,NA,2016-02-22 23:35:55,FALSE,NA,"701913336758161409",NA,"<a href=""http://twitter.com/download/android"" rel=""nofollow"">Twitter for Android</a>","ThomasSpeidel",2,TRUE,FALSE,NA,NA
"Advanced Analytics Software’s Most Important Feature? Gartner Says it’s VCF https://t.co/Dt7aV6BxDt #rstats #DataScience",FALSE,3,NA,2016-02-22 23:30:24,FALSE,NA,"701911950171570176",NA,"<a href=""http://www.r-bloggers.com"" rel=""nofollow"">r-bloggers.com</a>","Rbloggers",3,FALSE,FALSE,NA,NA
"Business Intelligence and Data Science Groups in East Tennessee https://t.co/n66hJtEEbv #rstats #DataScience",FALSE,1,NA,2016-02-22 23:30:22,FALSE,NA,"701911942424719360",NA,"<a href=""http://www.r-bloggers.com"" rel=""nofollow"">r-bloggers.com</a>","Rbloggers",1,FALSE,FALSE,NA,NA
"RT @PD_value: Familiar #rstats interfaces now also for #stan! Check 'm out in this blog https://t.co/e3VoHoAWMe",FALSE,0,NA,2016-02-22 23:29:57,FALSE,NA,"701911837089071105",NA,"<a href=""http://twitter.com/download/iphone"" rel=""nofollow"">Twitter for iPhone</a>","eoinbrazil",1,TRUE,FALSE,NA,NA
"RT @PD_value: Use ggmcmc to smoothly make #rstats ggplot graphs from your Stan runs! https://t.co/KJXrLmJvYP via @hadleywickham https://t.c…",FALSE,0,NA,2016-02-22 23:29:31,FALSE,NA,"701911727290642433",NA,"<a href=""http://twitter.com/download/iphone"" rel=""nofollow"">Twitter for iPhone</a>","eoinbrazil",18,TRUE,FALSE,NA,NA
"RT @hadleywickham: Using multiple models for EDA: purrr + tidyr + dplyr = https://t.co/lDZ7G8Ce9S #rstats #wombat2016",FALSE,0,NA,2016-02-22 23:27:06,FALSE,NA,"701911118676172800",NA,"<a href=""http://twitter.com/download/iphone"" rel=""nofollow"">Twitter for iPhone</a>","eoinbrazil",32,TRUE,FALSE,NA,NA
"RT @NumFOCUS: .@NumFOCUS is proud to announce @mcmc_stan as our newest fiscally sponsored project! https://t.co/2fFWoh1kZs #rstats #cpluspl…",FALSE,0,NA,2016-02-22 23:24:58,FALSE,NA,"701910582237134848",NA,"<a href=""http://twitter.com"" rel=""nofollow"">Twitter Web Client</a>","PyData",4,TRUE,FALSE,NA,NA
"Remember: ""not rejecting H0 is a far cry from accepting it.""-- Roff #statschat #stats #lifehistorytheory #rstats #R",FALSE,2,NA,2016-02-22 23:22:16,FALSE,NA,"701909902906695680",NA,"<a href=""http://twitter.com/download/iphone"" rel=""nofollow"">Twitter for iPhone</a>","mathvsoldage",0,FALSE,FALSE,NA,NA
"RT @hadleywickham: babynames package now includes 2014 data: https://t.co/TcaJxiEjZl #rstats",FALSE,0,NA,2016-02-22 23:21:01,FALSE,NA,"701909588375793665",NA,"<a href=""http://tapbots.com/software/tweetbot/mac"" rel=""nofollow"">Tweetbot for Mac</a>","sjackman",19,TRUE,FALSE,NA,NA
"trying out #emacs for #rstats",FALSE,1,NA,2016-02-22 23:16:51,FALSE,NA,"701908540466663424",NA,"<a href=""http://twitter.com"" rel=""nofollow"">Twitter Web Client</a>","richardburcher",0,FALSE,FALSE,NA,NA
"#rstats if I make a setAs(from = 'MyClass"", to = 'list') method for an S4 object, should I still make an as.list.MyClass S3 method?",FALSE,0,NA,2016-02-22 23:13:50,FALSE,NA,"701907779863187456",NA,"<a href=""http://twitter.com"" rel=""nofollow"">Twitter Web Client</a>","tjmahr",0,FALSE,FALSE,NA,NA
"RT @bartonpoulson: JSON data in #Rstats has lists within lists within lists within lists. It's the #datascience version of #BeingJohnMalkov…",FALSE,0,NA,2016-02-22 23:09:02,FALSE,NA,"701906574554505217",NA,"<a href=""http://www.rabianuray.net"" rel=""nofollow"">Data Science Wire</a>","sentiwire",1,TRUE,FALSE,NA,NA
"JSON data in #Rstats has lists within lists within lists within lists. It's the #datascience version of #BeingJohnMalkovich.",FALSE,1,NA,2016-02-22 23:09:02,FALSE,NA,"701906571316559873",NA,"<a href=""http://bufferapp.com"" rel=""nofollow"">Buffer</a>","bartonpoulson",1,FALSE,FALSE,NA,NA
